{
  "mse": 0.054837512969970706,
  "mae": 0.2040268898010254,
  "mape": 36.38583501180013,
  "best_test_mse": 0.05127087434132894,
  "n_params": 27939,
  "epochs_run": 300
}