{
  "mse": 0.011418361465136211,
  "mae": 0.07773315111796061,
  "mape": 17.561984062194824,
  "best_test_mse": 0.011408260464668274,
  "n_params": 46017,
  "epochs_run": 300
}