{
  "mse": 0.0021390832960605623,
  "mae": 0.035973966121673584,
  "mape": 6.058088143666585,
  "best_test_mse": 0.0011087735493977866,
  "n_params": 25473,
  "epochs_run": 1000
}