{
  "mse": 0.002202696270412869,
  "mae": 0.03811222712198893,
  "mape": 7.134157110143591,
  "best_test_mse": 0.002202696270412869,
  "n_params": 30147,
  "epochs_run": 1000
}