{
  "mse": 13.034951443142361,
  "mae": 2.7692291259765627,
  "mape": 387.64292399088544,
  "best_test_mse": 8.967359076605902,
  "n_params": 31018,
  "epochs_run": 1000
}