{
  "mse": 0.012683303267867476,
  "mae": 0.0816814281322338,
  "mape": 16.302925392433448,
  "best_test_mse": 0.011382694597597475,
  "n_params": 25987,
  "epochs_run": 1000
}