{
  "mse": 0.14981683095296225,
  "mae": 0.37013047536214194,
  "mape": 64.35666402180989,
  "best_test_mse": 0.09879694779713949,
  "n_params": 19719,
  "epochs_run": 300
}