{
  "mse": 0.0026078936126497057,
  "mae": 0.04222523371378581,
  "mape": 5.124336878458659,
  "best_test_mse": 0.0026078936126497057,
  "n_params": 2852,
  "epochs_run": 300
}