{
  "mse": 0.0030518853002124363,
  "mae": 0.04150412877400716,
  "mape": 4.438740412394206,
  "best_test_mse": 0.00011658229761653476,
  "n_params": 25730,
  "epochs_run": 1000
}