{
  "mse": 0.0034482576228954172,
  "mae": 0.04877498061568649,
  "mape": 9.38291902895327,
  "best_test_mse": 0.003413144968174122,
  "n_params": 46531,
  "epochs_run": 300
}