{
  "mse": 0.5072884877522786,
  "mae": 0.5298906962076823,
  "mape": 4.139965375264485,
  "best_test_mse": 0.47608765496148003,
  "n_params": 21652,
  "epochs_run": 300
}