{
  "mse": 0.015514437357584636,
  "mae": 0.08777458756058304,
  "mape": 16.357349819607204,
  "best_test_mse": 0.012608450430410879,
  "n_params": 29734,
  "epochs_run": 300
}