{
  "mse": 0.02661906878153483,
  "mae": 0.11307271321614583,
  "mape": 26.859995524088543,
  "best_test_mse": 0.025909435749053956,
  "n_params": 29220,
  "epochs_run": 300
}