{
  "mse": 7.062922749254439e-05,
  "mae": 0.006051235728793674,
  "mape": 0.6526831785837809,
  "best_test_mse": 3.9036600436601376e-05,
  "n_params": 28196,
  "epochs_run": 1000
}