{
  "mse": 9.937519197382478,
  "mae": 2.0054320245726496,
  "mape": 101.71996026976495,
  "best_test_mse": 8.264781149839743,
  "n_params": 25987,
  "epochs_run": 1000
}