{
  "mse": 0.014019241156401458,
  "mae": 0.10050746776439526,
  "mape": 17.86866647225839,
  "best_test_mse": 0.014019241156401458,
  "n_params": 21781,
  "epochs_run": 300
}