{
  "mse": 0.008543056249618531,
  "mae": 0.0715929667154948,
  "mape": 15.225208600362143,
  "best_test_mse": 0.007854760686556498,
  "n_params": 25473,
  "epochs_run": 1000
}