{
  "mse": 0.010565359504134567,
  "mae": 0.07128835607458044,
  "mape": 13.649085715964988,
  "best_test_mse": 0.010102504271048087,
  "n_params": 29733,
  "epochs_run": 300
}