{
  "mse": 0.3413930257161458,
  "mae": 0.38160552978515627,
  "mape": 50.39314270019531,
  "best_test_mse": 0.11846149762471517,
  "n_params": 33281,
  "epochs_run": 300
}