{
  "mse": 0.007857642350373445,
  "mae": 0.07053869741934317,
  "mape": 11.913122954191985,
  "best_test_mse": 0.006744885003125226,
  "n_params": 19977,
  "epochs_run": 1000
}