{
  "mse": 0.0613883618955259,
  "mae": 0.20717352407949943,
  "mape": 30.962945443612558,
  "best_test_mse": 0.04400838216145833,
  "n_params": 74947,
  "epochs_run": 300
}