{
  "mse": 0.0015947171383433871,
  "mae": 0.032061439090304907,
  "mape": 3.311742411719428,
  "best_test_mse": 0.00046939787765343986,
  "n_params": 33410,
  "epochs_run": 300
}