{
  "mse": 7.5615966796875,
  "mae": 2.177309841579861,
  "mape": 344.9202473958333,
  "best_test_mse": 5.5718065049913195,
  "n_params": 52360,
  "epochs_run": 300
}