{
  "mse": 0.06776449945237902,
  "mae": 0.17888707054985895,
  "mape": 1.1508438322279189,
  "best_test_mse": 0.014457791381412082,
  "n_params": 28196,
  "epochs_run": 1000
}