{
  "mse": 25.924602697649572,
  "mae": 3.3429810613648505,
  "mape": 238.93811348157053,
  "best_test_mse": 23.98182091346154,
  "n_params": 21781,
  "epochs_run": 300
}