{
  "mse": 0.01328182132155807,
  "mae": 0.09662147804542824,
  "mape": 17.0423338148329,
  "best_test_mse": 0.01328182132155807,
  "n_params": 33539,
  "epochs_run": 300
}