{
  "mse": 5.118858846028646,
  "mae": 1.7869539896647135,
  "mape": 260.7017008463542,
  "best_test_mse": 0.2192665417989095,
  "n_params": 26241,
  "epochs_run": 1000
}