{
  "mse": 65.36915064102564,
  "mae": 5.992903228498932,
  "mape": 569.0693860176282,
  "best_test_mse": 41.15275106837607,
  "n_params": 51395,
  "epochs_run": 300
}