{
  "mse": 0.043720870547824434,
  "mae": 0.17492618560791015,
  "mape": 18.630381690131294,
  "best_test_mse": 0.043720870547824434,
  "n_params": 19848,
  "epochs_run": 300
}