{
  "mse": 0.01992206573486328,
  "mae": 0.11028801600138347,
  "mape": 21.82234764099121,
  "best_test_mse": 0.010252163807551066,
  "n_params": 29633,
  "epochs_run": 1000
}