{
  "mse": 0.009220596154530842,
  "mae": 0.07620879279242622,
  "mape": 8.4680880440606,
  "best_test_mse": 0.009220596154530842,
  "n_params": 29476,
  "epochs_run": 300
}