{
  "mse": 0.012341880798339843,
  "mae": 0.08713418112860785,
  "mape": 10.173764758639866,
  "best_test_mse": 0.012341880798339843,
  "n_params": 29477,
  "epochs_run": 300
}