{
  "mse": 0.025826888614230686,
  "mae": 0.12964084413316515,
  "mape": 13.157551023695204,
  "best_test_mse": 0.020577934053209092,
  "n_params": 19848,
  "epochs_run": 300
}