{
  "mse": 0.00805096979494448,
  "mae": 0.06354695072880498,
  "mape": 22.189983791775173,
  "best_test_mse": 0.007439083523220486,
  "n_params": 29733,
  "epochs_run": 300
}