{
  "mse": 0.005668061750906485,
  "mae": 0.058909825925473815,
  "mape": 23.69097250479239,
  "best_test_mse": 0.0053557002985918966,
  "n_params": 15973,
  "epochs_run": 300
}