{
  "mse": 0.08068056106567383,
  "mae": 0.23782145182291667,
  "mape": 35.88157971700033,
  "best_test_mse": 0.07192742029825847,
  "n_params": 29633,
  "epochs_run": 1000
}