{
  "mse": 18.570706463675215,
  "mae": 3.0306517511351494,
  "mape": 164.88462790464743,
  "best_test_mse": 18.099352297008547,
  "n_params": 28453,
  "epochs_run": 300
}