{
  "mse": 0.0003089668850104014,
  "mae": 0.014510432879130045,
  "mape": 1.4310185114542644,
  "best_test_mse": 0.00010605726598037614,
  "n_params": 29476,
  "epochs_run": 1000
}