{
  "mse": 5.87707994249132,
  "mae": 1.8161200629340277,
  "mape": 310.247802734375,
  "best_test_mse": 5.87707994249132,
  "n_params": 3626,
  "epochs_run": 300
}