{
  "mse": 7.749297138717439e-05,
  "mae": 0.006531088882022433,
  "mape": 0.6777187850740221,
  "best_test_mse": 4.4739039407836064e-05,
  "n_params": 29890,
  "epochs_run": 1000
}