{
  "mse": 0.3670210944281684,
  "mae": 0.4839442359076606,
  "mape": 3.553190231323242,
  "best_test_mse": 0.13062434726291233,
  "n_params": 19848,
  "epochs_run": 1000
}