{
  "mse": 25.90727831196581,
  "mae": 3.7355088975694444,
  "mape": 152.2721458500267,
  "best_test_mse": 24.45335703792735,
  "n_params": 29734,
  "epochs_run": 300
}