{
  "mse": 0.0013578335444132488,
  "mae": 0.030880573060777454,
  "mape": 3.670730061001248,
  "best_test_mse": 0.0013578335444132488,
  "n_params": 21652,
  "epochs_run": 300
}