{
  "mse": 9.73809814453125,
  "mae": 2.3651891072591145,
  "mape": 508.38043212890625,
  "best_test_mse": 9.359179009331598,
  "n_params": 31019,
  "epochs_run": 300
}