{
  "mse": 0.003197979927062988,
  "mae": 0.045244195726182726,
  "mape": 8.31183115641276,
  "best_test_mse": 0.0028100283057601364,
  "n_params": 30147,
  "epochs_run": 1000
}