{
  "mse": 0.12925967463740595,
  "mae": 0.2480489660192419,
  "mape": 118.6906150535301,
  "best_test_mse": 0.08694524411801939,
  "n_params": 51395,
  "epochs_run": 300
}