{
  "mse": 0.3326207196270978,
  "mae": 0.41241782859519677,
  "mape": 182.28780110677084,
  "best_test_mse": 0.10938901548032408,
  "n_params": 26499,
  "epochs_run": 1000
}