{
  "mse": 53.95043068910256,
  "mae": 5.063017911992521,
  "mape": 329.3938635149573,
  "best_test_mse": 24.85326188568376,
  "n_params": 26499,
  "epochs_run": 1000
}