{
  "mse": 0.01400373865056921,
  "mae": 0.07955299660011574,
  "mape": 15.110015869140625,
  "best_test_mse": 0.01340316754800302,
  "n_params": 46531,
  "epochs_run": 300
}