{
  "mse": 0.009671380784776475,
  "mae": 0.07955572340223524,
  "mape": 25.93203791865596,
  "best_test_mse": 0.009522426569903339,
  "n_params": 2981,
  "epochs_run": 300
}