{
  "mse": 0.002678012627142447,
  "mae": 0.04349924723307292,
  "mape": 8.140378174958405,
  "best_test_mse": 0.0022147655487060546,
  "n_params": 29733,
  "epochs_run": 1000
}