{
  "mse": 0.78819825914171,
  "mae": 0.6939948187934027,
  "mape": 5.684769948323567,
  "best_test_mse": 0.0891132672627767,
  "n_params": 19848,
  "epochs_run": 1000
}