{
  "mse": 0.022584572544804327,
  "mae": 0.12264117488154659,
  "mape": 19.231417620623553,
  "best_test_mse": 0.022584572544804327,
  "n_params": 19977,
  "epochs_run": 300
}