{
  "mse": 0.017342920656557435,
  "mae": 0.0857813658537688,
  "mape": 16.27829940230758,
  "best_test_mse": 0.01287187382026955,
  "n_params": 25987,
  "epochs_run": 1000
}