{
  "mse": 16.454911191239315,
  "mae": 2.6299631493723292,
  "mape": 173.60445462740384,
  "best_test_mse": 16.032104700854703,
  "n_params": 21781,
  "epochs_run": 300
}