{
  "mse": 15.117785122863248,
  "mae": 2.441571305755876,
  "mape": 179.5243222489316,
  "best_test_mse": 13.3567624866453,
  "n_params": 29733,
  "epochs_run": 1000
}