{
  "mse": 13.465228949652778,
  "mae": 2.90482177734375,
  "mape": 530.9170871310764,
  "best_test_mse": 8.863890923394097,
  "n_params": 29738,
  "epochs_run": 300
}