{
  "mse": 0.7261558532714844,
  "mae": 0.6052132076687283,
  "mape": 5.110757615831163,
  "best_test_mse": 0.5719771491156684,
  "n_params": 19848,
  "epochs_run": 300
}