{
  "mse": 0.0085868446915238,
  "mae": 0.07624662893789785,
  "mape": 12.072742603443286,
  "best_test_mse": 0.0085868446915238,
  "n_params": 19977,
  "epochs_run": 300
}