{
  "mse": 0.011978174580468072,
  "mae": 0.08727628919813368,
  "mape": 10.044485727945963,
  "best_test_mse": 0.011978174580468072,
  "n_params": 29477,
  "epochs_run": 300
}