{
  "mse": 36.93047208867522,
  "mae": 4.1560233874198715,
  "mape": 167.59752061631946,
  "best_test_mse": 36.60286792200855,
  "n_params": 2981,
  "epochs_run": 300
}