{
  "mse": 0.027905903922186958,
  "mae": 0.12684975730048287,
  "mape": 12.66972647772895,
  "best_test_mse": 0.016530464755164252,
  "n_params": 19848,
  "epochs_run": 1000
}