{
  "mse": 0.05200670560201009,
  "mae": 0.19020277659098309,
  "mape": 31.018670399983723,
  "best_test_mse": 0.04691982666651408,
  "n_params": 27939,
  "epochs_run": 1000
}