{
  "mse": 15.766544596354167,
  "mae": 3.0471876356336804,
  "mape": 421.21019151475696,
  "best_test_mse": 11.085417344835069,
  "n_params": 31432,
  "epochs_run": 1000
}