{
  "mse": 0.03391596476236979,
  "mae": 0.13773528205023872,
  "mape": 14.772283766004774,
  "best_test_mse": 0.03391596476236979,
  "n_params": 51202,
  "epochs_run": 300
}