{
  "mse": 0.21871380276150174,
  "mae": 0.32991756863064237,
  "mape": 162.35783329716435,
  "best_test_mse": 0.110124142964681,
  "n_params": 26499,
  "epochs_run": 1000
}