{
  "mse": 8.46561754014757,
  "mae": 2.2429178873697917,
  "mape": 506.97865804036456,
  "best_test_mse": 7.271657986111111,
  "n_params": 47816,
  "epochs_run": 300
}