{
  "mse": 0.0036409916701140225,
  "mae": 0.0502052660341616,
  "mape": 9.166831970214844,
  "best_test_mse": 0.0026448172551614265,
  "n_params": 25987,
  "epochs_run": 1000
}