{
  "mse": 0.002594050654658565,
  "mae": 0.041982361122413915,
  "mape": 7.860252945511429,
  "best_test_mse": 0.002575302344781381,
  "n_params": 29733,
  "epochs_run": 300
}