{
  "mse": 5.239751858181424,
  "mae": 1.5751157972547742,
  "mape": 10.300159454345703,
  "best_test_mse": 0.4208379957411024,
  "n_params": 29476,
  "epochs_run": 300
}