{
  "mse": 0.008569097518920899,
  "mae": 0.06935431868941695,
  "mape": 30.06462944878472,
  "best_test_mse": 0.007253656122419569,
  "n_params": 29733,
  "epochs_run": 1000
}