{
  "mse": 10.01797125400641,
  "mae": 1.994321539463141,
  "mape": 94.30587898971687,
  "best_test_mse": 6.898379073183761,
  "n_params": 30147,
  "epochs_run": 1000
}