{
  "mse": 0.7000942088939526,
  "mae": 0.5703348795572917,
  "mape": 164.27668818721065,
  "best_test_mse": 0.20596624303747108,
  "n_params": 19977,
  "epochs_run": 1000
}