{
  "mse": 0.01347857846154107,
  "mae": 0.07812482339364511,
  "mape": 14.78655355947989,
  "best_test_mse": 0.010269463503802265,
  "n_params": 29733,
  "epochs_run": 1000
}