{
  "mse": 9.673419867621528,
  "mae": 2.513594733344184,
  "mape": 623.4726969401041,
  "best_test_mse": 7.638003200954861,
  "n_params": 31018,
  "epochs_run": 1000
}