{
  "mse": 18.44910356570513,
  "mae": 2.8722272302350427,
  "mape": 162.74645683092947,
  "best_test_mse": 16.95140391292735,
  "n_params": 29733,
  "epochs_run": 300
}