{
  "mse": 0.14204961988661025,
  "mae": 0.2519550323486328,
  "mape": 1.1666250228881836,
  "best_test_mse": 0.024894314342074925,
  "n_params": 28196,
  "epochs_run": 1000
}