{
  "mse": 0.010719553629557291,
  "mae": 0.07315298009801793,
  "mape": 14.073675650137442,
  "best_test_mse": 0.01068746602093732,
  "n_params": 15973,
  "epochs_run": 300
}