{
  "mse": 31.73450186965812,
  "mae": 3.244251427283654,
  "mape": 251.58971020299145,
  "best_test_mse": 27.583542000534187,
  "n_params": 1029,
  "epochs_run": 1000
}