{
  "mse": 0.017753390471140544,
  "mae": 0.10491345723470052,
  "mape": 22.16868718465169,
  "best_test_mse": 0.017689019441604614,
  "n_params": 29220,
  "epochs_run": 300
}