{
  "mse": 1.115614488389757,
  "mae": 0.7394078572591146,
  "mape": 5.475668377346462,
  "best_test_mse": 0.5441596137152778,
  "n_params": 66562,
  "epochs_run": 300
}