{
  "mse": 18.86254674145299,
  "mae": 3.0495240301148505,
  "mape": 166.9735326522436,
  "best_test_mse": 16.732006209935896,
  "n_params": 28453,
  "epochs_run": 300
}