{
  "mse": 0.005981980429755317,
  "mae": 0.054123320402922455,
  "mape": 20.859798855251736,
  "best_test_mse": 0.005620870766816316,
  "n_params": 28453,
  "epochs_run": 1000
}