{
  "mse": 6.5892957899305555,
  "mae": 1.9130225287543403,
  "mape": 305.5061848958333,
  "best_test_mse": 4.360908338758681,
  "n_params": 1194,
  "epochs_run": 1000
}