{
  "mse": 0.034018357594807945,
  "mae": 0.13756050533718533,
  "mape": 1.2523251109653049,
  "best_test_mse": 0.008406627178192138,
  "n_params": 29890,
  "epochs_run": 1000
}