{
  "mse": 6.175238037109375,
  "mae": 1.941952853732639,
  "mape": 384.6425374348958,
  "best_test_mse": 5.666805013020833,
  "n_params": 20622,
  "epochs_run": 1000
}