{
  "mse": 0.011195966932508681,
  "mae": 0.07364819844563802,
  "mape": 14.306647689254195,
  "best_test_mse": 0.010916837056477864,
  "n_params": 28453,
  "epochs_run": 1000
}