{
  "mse": 17.922576121794872,
  "mae": 2.3826153094951925,
  "mape": 96.51882595486111,
  "best_test_mse": 14.06295405982906,
  "n_params": 28453,
  "epochs_run": 1000
}