{
  "mse": 0.2358734130859375,
  "mae": 0.41554760403103297,
  "mape": 3.3174064424302845,
  "best_test_mse": 0.05694207085503472,
  "n_params": 25730,
  "epochs_run": 1000
}