{
  "mse": 0.009226834332501446,
  "mae": 0.06777185510706019,
  "mape": 12.725930390534577,
  "best_test_mse": 0.00888200600941976,
  "n_params": 28453,
  "epochs_run": 300
}