{
  "mse": 0.0005283767150508033,
  "mae": 0.01888500584496392,
  "mape": 1.9046619203355577,
  "best_test_mse": 3.705653879377577e-05,
  "n_params": 28196,
  "epochs_run": 1000
}