{
  "mse": 0.06936612923940023,
  "mae": 0.19505077997843426,
  "mape": 28.90849431355794,
  "best_test_mse": 0.042480667432149254,
  "n_params": 19719,
  "epochs_run": 1000
}