{
  "mse": 0.16396490732828775,
  "mae": 0.3285054206848145,
  "mape": 49.07272974650065,
  "best_test_mse": 0.1316253105799357,
  "n_params": 2723,
  "epochs_run": 300
}