{
  "mse": 0.0067874484592013885,
  "mae": 0.06508906329119647,
  "mape": 24.332088894314236,
  "best_test_mse": 0.0062860665497956455,
  "n_params": 1029,
  "epochs_run": 1000
}