{
  "mse": 0.08226548830668132,
  "mae": 0.25442776679992674,
  "mape": 48.08320999145508,
  "best_test_mse": 0.06175291935602824,
  "n_params": 29219,
  "epochs_run": 300
}