{
  "mse": 0.013181888615643537,
  "mae": 0.0944421203048141,
  "mape": 16.69257269965278,
  "best_test_mse": 0.012429776898136846,
  "n_params": 1029,
  "epochs_run": 1000
}