{
  "mse": 0.0040887055573640045,
  "mae": 0.05157218509250217,
  "mape": 21.520196420175058,
  "best_test_mse": 0.0027612856140843143,
  "n_params": 15973,
  "epochs_run": 300
}