{
  "mse": 0.19540284474690756,
  "mae": 0.33304481506347655,
  "mape": 50.888312657674156,
  "best_test_mse": 0.11470378239949544,
  "n_params": 2723,
  "epochs_run": 300
}