{
  "mse": 10.961309762286325,
  "mae": 1.9740789429754273,
  "mape": 84.97790736010951,
  "best_test_mse": 8.21601061698718,
  "n_params": 28453,
  "epochs_run": 1000
}