{
  "mse": 0.06997539202372233,
  "mae": 0.20717550913492838,
  "mape": 30.860055287679035,
  "best_test_mse": 0.06997539202372233,
  "n_params": 19719,
  "epochs_run": 1000
}