{
  "mse": 0.007091661791006724,
  "mae": 0.06931966145833333,
  "mape": 13.05318832397461,
  "best_test_mse": 0.0017778318375349044,
  "n_params": 58177,
  "epochs_run": 300
}