{
  "mse": 13.092673068576389,
  "mae": 2.7772121853298612,
  "mape": 581.9713677300347,
  "best_test_mse": 8.863890923394097,
  "n_params": 29738,
  "epochs_run": 1000
}