{
  "mse": 0.1237421954119647,
  "mae": 0.27825088500976564,
  "mape": 50.40532995153357,
  "best_test_mse": 0.03369325002034505,
  "n_params": 26499,
  "epochs_run": 1000
}