{
  "mse": 0.009411527713139852,
  "mae": 0.07716118494669597,
  "mape": 8.157016966078016,
  "best_test_mse": 0.008264465464486016,
  "n_params": 19848,
  "epochs_run": 1000
}