{
  "mse": 0.0032044472517790616,
  "mae": 0.0465892650462963,
  "mape": 17.685631646050346,
  "best_test_mse": 0.0031925497231660065,
  "n_params": 46531,
  "epochs_run": 300
}