{
  "mse": 0.015055825975206162,
  "mae": 0.1026659435696072,
  "mape": 17.98956976996528,
  "best_test_mse": 0.013053992059495714,
  "n_params": 2981,
  "epochs_run": 300
}