{
  "mse": 0.09197223804615162,
  "mae": 0.24141489664713542,
  "mape": 42.79197410300926,
  "best_test_mse": 0.028928742585358797,
  "n_params": 26499,
  "epochs_run": 1000
}