{
  "mse": 6.226662868923611,
  "mae": 1.8776797824435765,
  "mape": 407.74115668402777,
  "best_test_mse": 6.226662868923611,
  "n_params": 1194,
  "epochs_run": 1000
}