{
  "mse": 14.660112847222223,
  "mae": 2.9089762369791665,
  "mape": 508.8760715060764,
  "best_test_mse": 9.142397732204861,
  "n_params": 27144,
  "epochs_run": 1000
}