{
  "mse": 3.9221499972873266,
  "mae": 1.4958460489908854,
  "mape": 10.11033164130317,
  "best_test_mse": 2.9186292860243057,
  "n_params": 26370,
  "epochs_run": 1000
}