{
  "mse": 0.03982950846354167,
  "mae": 0.1666513513635706,
  "mape": 31.12553349247685,
  "best_test_mse": 0.03982950846354167,
  "n_params": 51395,
  "epochs_run": 300
}