{
  "mse": 0.5490074793497721,
  "mae": 0.4661009470621745,
  "mape": 59.19703165690104,
  "best_test_mse": 0.12377014954884848,
  "n_params": 21523,
  "epochs_run": 300
}