{
  "mse": 0.0031883875528971356,
  "mae": 0.04591308876320168,
  "mape": 8.410206547489873,
  "best_test_mse": 0.002760891561154966,
  "n_params": 30147,
  "epochs_run": 1000
}