{
  "mse": 36.61846287393163,
  "mae": 4.612180739182692,
  "mape": 381.72659588675214,
  "best_test_mse": 33.91362847222222,
  "n_params": 51395,
  "epochs_run": 300
}