{
  "mse": 6.355434841579861,
  "mae": 1.9508724636501735,
  "mape": 345.85015190972223,
  "best_test_mse": 5.425392659505208,
  "n_params": 3626,
  "epochs_run": 300
}