{
  "mse": 0.010362054683544017,
  "mae": 0.08776762220594618,
  "mape": 15.381537543402779,
  "best_test_mse": 0.010362054683544017,
  "n_params": 21781,
  "epochs_run": 300
}