{
  "mse": 0.003083001684259485,
  "mae": 0.04281451260602033,
  "mape": 16.32762908935547,
  "best_test_mse": 0.0028736068142784965,
  "n_params": 30147,
  "epochs_run": 1000
}