{
  "mse": 0.005424237251281739,
  "mae": 0.05731391906738281,
  "mape": 20.82328372531467,
  "best_test_mse": 0.00516925299609149,
  "n_params": 28453,
  "epochs_run": 1000
}