{
  "mse": 0.01276808049943712,
  "mae": 0.07755588955349392,
  "mape": 14.751349555121529,
  "best_test_mse": 0.010506798602916576,
  "n_params": 29733,
  "epochs_run": 1000
}