{
  "mse": 6.531288394764958,
  "mae": 1.6117857321714744,
  "mape": 69.33234320746527,
  "best_test_mse": 5.661771334134615,
  "n_params": 25987,
  "epochs_run": 1000
}