{
  "mse": 26.596607905982907,
  "mae": 3.6812545906784186,
  "mape": 231.36182475293805,
  "best_test_mse": 24.762762086004273,
  "n_params": 19977,
  "epochs_run": 300
}