{
  "mse": 1.828914840133102,
  "mae": 1.132317211009838,
  "mape": 184.28840919777198,
  "best_test_mse": 0.03120655483669705,
  "n_params": 26499,
  "epochs_run": 1000
}