{
  "mse": 33.32128739316239,
  "mae": 3.7992730034722224,
  "mape": 371.8817190838675,
  "best_test_mse": 21.287010884081198,
  "n_params": 26499,
  "epochs_run": 1000
}