{
  "mse": 0.044519837697347006,
  "mae": 0.18360892401801215,
  "mape": 1.4958518081241183,
  "best_test_mse": 0.008873320950402153,
  "n_params": 29476,
  "epochs_run": 1000
}