{
  "mse": 0.010005449365686488,
  "mae": 0.0690270671138057,
  "mape": 12.880206637912327,
  "best_test_mse": 0.009322192050792552,
  "n_params": 29733,
  "epochs_run": 1000
}