{
  "mse": 0.06863367292616103,
  "mae": 0.20405440860324436,
  "mape": 22.00505150689019,
  "best_test_mse": 0.04626572397020128,
  "n_params": 51202,
  "epochs_run": 300
}