{
  "mse": 33.62899973290598,
  "mae": 3.718408620459402,
  "mape": 343.10167100694446,
  "best_test_mse": 20.381987847222224,
  "n_params": 1029,
  "epochs_run": 1000
}