{
  "mse": 0.6092504289415147,
  "mae": 0.6262988620334201,
  "mape": 5.752162403530544,
  "best_test_mse": 0.4033930884467231,
  "n_params": 29477,
  "epochs_run": 300
}