{
  "mse": 0.023454082012176514,
  "mae": 0.1285213311513265,
  "mape": 23.995041847229004,
  "best_test_mse": 0.015572059154510497,
  "n_params": 29219,
  "epochs_run": 300
}