{
  "mse": 0.023501705240320275,
  "mae": 0.12273651405617043,
  "mape": 22.191858644838685,
  "best_test_mse": 0.018362938916241682,
  "n_params": 51395,
  "epochs_run": 300
}