{
  "mse": 0.02024093204074436,
  "mae": 0.11571275216561777,
  "mape": 18.392675894278067,
  "best_test_mse": 0.02024093204074436,
  "n_params": 19977,
  "epochs_run": 300
}