{
  "mse": 0.2479675504896376,
  "mae": 0.36083916558159723,
  "mape": 2.2508361604478626,
  "best_test_mse": 0.24131605360243055,
  "n_params": 2852,
  "epochs_run": 300
}