{
  "mse": 0.015313167925234194,
  "mae": 0.09866737083152488,
  "mape": 17.736403853804976,
  "best_test_mse": 0.013954593517162182,
  "n_params": 1029,
  "epochs_run": 1000
}