{
  "mse": 7.192508951822917,
  "mae": 1.9473503960503473,
  "mape": 493.86542426215277,
  "best_test_mse": 5.335460069444444,
  "n_params": 20622,
  "epochs_run": 1000
}