{
  "mse": 0.002568738107328062,
  "mae": 0.041763220893012154,
  "mape": 7.871155915436922,
  "best_test_mse": 0.0025253777150754577,
  "n_params": 15973,
  "epochs_run": 300
}