{
  "mse": 0.05014314298276548,
  "mae": 0.18881571734393085,
  "mape": 33.280537923177086,
  "best_test_mse": 0.036080967938458476,
  "n_params": 51395,
  "epochs_run": 300
}