{
  "mse": 0.031390551726023355,
  "mae": 0.13857526779174806,
  "mape": 22.44909604390462,
  "best_test_mse": 0.02937237024307251,
  "n_params": 15459,
  "epochs_run": 300
}