{
  "mse": 0.27679627736409507,
  "mae": 0.34982840220133465,
  "mape": 45.99932988484701,
  "best_test_mse": 0.1706782341003418,
  "n_params": 963,
  "epochs_run": 1000
}