{
  "mse": 12.215428018162394,
  "mae": 2.023299570980235,
  "mape": 191.82229066506412,
  "best_test_mse": 11.759231436965813,
  "n_params": 33539,
  "epochs_run": 300
}