{
  "mse": 0.19772158728705513,
  "mae": 0.2980254491170247,
  "mape": 2.0444994502597384,
  "best_test_mse": 0.09693403244018554,
  "n_params": 21652,
  "epochs_run": 300
}