{
  "mse": 0.11182311375935873,
  "mae": 0.30238431294759116,
  "mape": 57.67695109049479,
  "best_test_mse": 0.06175291935602824,
  "n_params": 29219,
  "epochs_run": 1000
}