{
  "mse": 0.005860770190203631,
  "mae": 0.05460665667498553,
  "mape": 19.369908085575812,
  "best_test_mse": 0.0058520365644384315,
  "n_params": 28453,
  "epochs_run": 300
}