{
  "mse": 12.100739203559028,
  "mae": 2.6772976345486112,
  "mape": 618.7917751736111,
  "best_test_mse": 9.480550130208334,
  "n_params": 17258,
  "epochs_run": 300
}