{
  "mse": 0.013737969928317599,
  "mae": 0.08895707307038483,
  "mape": 33.968206334997106,
  "best_test_mse": 0.01039495379836471,
  "n_params": 29734,
  "epochs_run": 300
}