{
  "mse": 9.63031955295139,
  "mae": 2.4351698133680557,
  "mape": 522.4239095052084,
  "best_test_mse": 9.147500271267361,
  "n_params": 31018,
  "epochs_run": 300
}