{
  "mse": 0.0031440691815482246,
  "mae": 0.04345780743492974,
  "mape": 4.980141321818034,
  "best_test_mse": 0.002647438645362854,
  "n_params": 996,
  "epochs_run": 1000
}