{
  "mse": 0.7093004014756944,
  "mae": 0.6640616099039713,
  "mape": 4.8490280575222435,
  "best_test_mse": 0.22681763966878254,
  "n_params": 28196,
  "epochs_run": 300
}