{
  "mse": 0.0005578940941227807,
  "mae": 0.019700728522406685,
  "mape": 1.9167322582668729,
  "best_test_mse": 0.0001357130188908842,
  "n_params": 29476,
  "epochs_run": 1000
}