{
  "mse": 9.612944043803418,
  "mae": 1.9735161675347221,
  "mape": 121.73193776709402,
  "best_test_mse": 9.612944043803418,
  "n_params": 25987,
  "epochs_run": 1000
}