{
  "mse": 0.0004248410877254274,
  "mae": 0.015773616896735298,
  "mape": 1.7413891686333551,
  "best_test_mse": 0.00039065927267074586,
  "n_params": 46274,
  "epochs_run": 300
}