{
  "mse": 0.0028137260013156467,
  "mae": 0.04404241067391855,
  "mape": 8.480314325403285,
  "best_test_mse": 0.002285231705065127,
  "n_params": 29734,
  "epochs_run": 300
}