{
  "mse": 0.01183608019793475,
  "mae": 0.07587528935185185,
  "mape": 14.703559875488281,
  "best_test_mse": 0.011650264704668964,
  "n_params": 15973,
  "epochs_run": 300
}