{
  "mse": 0.011882011978714555,
  "mae": 0.0756257657651548,
  "mape": 26.99734440556279,
  "best_test_mse": 0.01099881684338605,
  "n_params": 1029,
  "epochs_run": 1000
}