{
  "mse": 0.5104672749837239,
  "mae": 0.5690713670518663,
  "mape": 4.680501619974772,
  "best_test_mse": 0.2271915011935764,
  "n_params": 28196,
  "epochs_run": 300
}