{
  "mse": 3.467229207356771,
  "mae": 1.2906950208875867,
  "mape": 8.452761438157824,
  "best_test_mse": 3.4592766655815974,
  "n_params": 51202,
  "epochs_run": 300
}