{
  "mse": 0.008979951010810004,
  "mae": 0.07169049580891927,
  "mape": 8.433117866516113,
  "best_test_mse": 0.008979951010810004,
  "n_params": 29476,
  "epochs_run": 300
}