{
  "mse": 0.019968783413922345,
  "mae": 0.11598185080069083,
  "mape": 21.487500226056135,
  "best_test_mse": 0.012955700909649884,
  "n_params": 51395,
  "epochs_run": 300
}