{
  "mse": 0.01355670381475378,
  "mae": 0.0999995055022063,
  "mape": 18.746705231843173,
  "best_test_mse": 0.012772511552881312,
  "n_params": 19977,
  "epochs_run": 1000
}