{
  "mse": 0.1202072302500407,
  "mae": 0.301809819539388,
  "mape": 57.04193115234375,
  "best_test_mse": 0.08105448087056479,
  "n_params": 27939,
  "epochs_run": 1000
}