{
  "mse": 0.33017740249633787,
  "mae": 0.4089866002400716,
  "mape": 57.45364507039388,
  "best_test_mse": 0.12439681688944498,
  "n_params": 21523,
  "epochs_run": 300
}