{
  "mse": 6.342457411024306,
  "mae": 1.7887322319878471,
  "mape": 354.1444905598958,
  "best_test_mse": 5.823978678385417,
  "n_params": 1194,
  "epochs_run": 1000
}