{
  "mse": 14.871910264756945,
  "mae": 3.0350372314453127,
  "mape": 643.5537380642361,
  "best_test_mse": 8.561494954427083,
  "n_params": 29738,
  "epochs_run": 300
}