{
  "mse": 33.1497061965812,
  "mae": 3.6198834802350426,
  "mape": 244.84879974626068,
  "best_test_mse": 22.58247529380342,
  "n_params": 26499,
  "epochs_run": 1000
}