{
  "mse": 14.462193467881944,
  "mae": 2.829543728298611,
  "mape": 389.7770521375868,
  "best_test_mse": 9.310660129123264,
  "n_params": 52360,
  "epochs_run": 300
}