{
  "mse": 0.5852068583170573,
  "mae": 0.5391126420762804,
  "mape": 4.453479978773329,
  "best_test_mse": 0.5852068583170573,
  "n_params": 2852,
  "epochs_run": 300
}