{
  "mse": 0.003081393241882324,
  "mae": 0.04643284832989728,
  "mape": 8.831984908492476,
  "best_test_mse": 0.002510658237669203,
  "n_params": 28453,
  "epochs_run": 1000
}