{
  "mse": 0.19992277357313368,
  "mae": 0.34613910251193575,
  "mape": 2.896006372239855,
  "best_test_mse": 0.04022887017991808,
  "n_params": 25730,
  "epochs_run": 1000
}