{
  "mse": 0.01656862188268591,
  "mae": 0.10404037899441189,
  "mape": 18.247221487539786,
  "best_test_mse": 0.014518429614879466,
  "n_params": 2981,
  "epochs_run": 300
}