{
  "mse": 0.05899747610092163,
  "mae": 0.21843735376993814,
  "mape": 40.21435419718424,
  "best_test_mse": 0.044500112533569336,
  "n_params": 29219,
  "epochs_run": 300
}