{
  "mse": 0.011705382664998373,
  "mae": 0.08278983080828631,
  "mape": 31.59163863570602,
  "best_test_mse": 0.009288022253248427,
  "n_params": 29733,
  "epochs_run": 300
}