{
  "mse": 0.015580138895246717,
  "mae": 0.1016558329264323,
  "mape": 11.807774437798393,
  "best_test_mse": 0.008585013283623589,
  "n_params": 19848,
  "epochs_run": 1000
}