{
  "mse": 0.011631909123173467,
  "mae": 0.08595087263319227,
  "mape": 23.061958595558448,
  "best_test_mse": 0.010896027529681171,
  "n_params": 2981,
  "epochs_run": 300
}