{
  "mse": 0.00653501307522809,
  "mae": 0.05623565956398293,
  "mape": 21.56280658863209,
  "best_test_mse": 0.005913888083563911,
  "n_params": 29733,
  "epochs_run": 1000
}