{
  "mse": 0.0037619555438006365,
  "mae": 0.049946283411096644,
  "mape": 18.437854625560618,
  "best_test_mse": 0.0037619555438006365,
  "n_params": 46531,
  "epochs_run": 300
}