{
  "mse": 0.0022203849421607125,
  "mae": 0.03822765880160862,
  "mape": 4.218269454108344,
  "best_test_mse": 0.0021278937657674152,
  "n_params": 15716,
  "epochs_run": 300
}