{
  "mse": 0.19944455888536242,
  "mae": 0.3479100121392144,
  "mape": 3.3192178938123913,
  "best_test_mse": 0.17093477249145508,
  "n_params": 28196,
  "epochs_run": 300
}