{
  "mse": 0.00036252977119551765,
  "mae": 0.014289508925543891,
  "mape": 1.3031989998287625,
  "best_test_mse": 0.00015542935580015182,
  "n_params": 29890,
  "epochs_run": 1000
}