{
  "mse": 0.09783690770467122,
  "mae": 0.2697969118754069,
  "mape": 44.28210576375326,
  "best_test_mse": 0.08963224093119303,
  "n_params": 19719,
  "epochs_run": 1000
}