{
  "mse": 0.005404411421881782,
  "mae": 0.05390959845648872,
  "mape": 19.669737639250577,
  "best_test_mse": 0.005326293132923267,
  "n_params": 29734,
  "epochs_run": 300
}