{
  "mse": 18.852833387586806,
  "mae": 3.277530246310764,
  "mape": 456.64364284939234,
  "best_test_mse": 11.114910210503472,
  "n_params": 31432,
  "epochs_run": 1000
}