{
  "mse": 0.053050062391493055,
  "mae": 0.17257759306165907,
  "mape": 0.9771623876359727,
  "best_test_mse": 0.024228721194797093,
  "n_params": 29476,
  "epochs_run": 1000
}