{
  "mse": 0.002389617981734099,
  "mae": 0.040398520010489006,
  "mape": 7.831899148446542,
  "best_test_mse": 0.0019626069951940465,
  "n_params": 29734,
  "epochs_run": 300
}