{
  "mse": 0.4693049536810981,
  "mae": 0.48811272515190973,
  "mape": 3.1869109471639,
  "best_test_mse": 0.2690864562988281,
  "n_params": 2852,
  "epochs_run": 300
}