{
  "mse": 0.8783628675672743,
  "mae": 0.8342483520507813,
  "mape": 85.77785068088107,
  "best_test_mse": 0.039875981542799206,
  "n_params": 26370,
  "epochs_run": 1000
}