{
  "mse": 13.151846287393163,
  "mae": 2.3701305422008545,
  "mape": 124.85040648370726,
  "best_test_mse": 10.938807091346154,
  "n_params": 29733,
  "epochs_run": 1000
}