{
  "mse": 0.002461047305001153,
  "mae": 0.0413948412294741,
  "mape": 8.052718551070601,
  "best_test_mse": 0.002459650569491916,
  "n_params": 28453,
  "epochs_run": 300
}