{
  "mse": 0.005584864263181333,
  "mae": 0.05545710104483145,
  "mape": 19.174572979962385,
  "best_test_mse": 0.005125479344968442,
  "n_params": 28453,
  "epochs_run": 1000
}