{
  "mse": 0.002327343269630715,
  "mae": 0.04007839626736111,
  "mape": 7.7507259227611405,
  "best_test_mse": 0.0018768818290145308,
  "n_params": 29733,
  "epochs_run": 300
}