{
  "mse": 4.247422960069445,
  "mae": 1.483686998155382,
  "mape": 10.536511739095053,
  "best_test_mse": 2.787606472439236,
  "n_params": 51202,
  "epochs_run": 300
}