{
  "mse": 0.005039514877178051,
  "mae": 0.05749242570665147,
  "mape": 21.031947665744358,
  "best_test_mse": 0.004855834113226996,
  "n_params": 25987,
  "epochs_run": 1000
}