{
  "mse": 0.01661412274395978,
  "mae": 0.10416757089120371,
  "mape": 18.635358457212096,
  "best_test_mse": 0.01406358347998725,
  "n_params": 1029,
  "epochs_run": 1000
}