{
  "mse": 0.0022337156313437002,
  "mae": 0.0399242189195421,
  "mape": 7.568038657859519,
  "best_test_mse": 0.0018768818290145308,
  "n_params": 29733,
  "epochs_run": 1000
}