{
  "mse": 0.0033199566381948964,
  "mae": 0.047945262767650466,
  "mape": 8.797271163375289,
  "best_test_mse": 0.002335266051469026,
  "n_params": 25987,
  "epochs_run": 1000
}