{
  "mse": 0.0045455159964384855,
  "mae": 0.053921303925690826,
  "mape": 20.13631608751085,
  "best_test_mse": 0.0045455159964384855,
  "n_params": 46531,
  "epochs_run": 300
}