{
  "mse": 0.0025707046190897626,
  "mae": 0.04180911382039388,
  "mape": 8.174181337709781,
  "best_test_mse": 0.002562266367453116,
  "n_params": 15973,
  "epochs_run": 300
}