{
  "mse": 0.5723105748494466,
  "mae": 0.5025361696879069,
  "mape": 68.03963979085286,
  "best_test_mse": 0.11417607466379802,
  "n_params": 33281,
  "epochs_run": 300
}