{
  "mse": 0.00424824423260159,
  "mae": 0.05190443992614746,
  "mape": 5.674097273084852,
  "best_test_mse": 0.0019277956750657823,
  "n_params": 996,
  "epochs_run": 1000
}