{
  "mse": 0.08203015857272677,
  "mae": 0.21686636606852214,
  "mape": 1.2857196066114638,
  "best_test_mse": 0.03903713491227892,
  "n_params": 33410,
  "epochs_run": 300
}