{
  "mse": 0.01305644777086046,
  "mae": 0.09500418768988715,
  "mape": 16.923279938874423,
  "best_test_mse": 0.01305644777086046,
  "n_params": 33539,
  "epochs_run": 300
}