{
  "mse": 14.452091471354167,
  "mae": 3.094798787434896,
  "mape": 644.2145453559028,
  "best_test_mse": 8.561494954427083,
  "n_params": 29738,
  "epochs_run": 1000
}