{
  "mse": 0.01109530837447555,
  "mae": 0.073628008807147,
  "mape": 14.294731705277055,
  "best_test_mse": 0.010916837056477864,
  "n_params": 28453,
  "epochs_run": 300
}