{
  "mse": 0.0029909939677627,
  "mae": 0.044582056116174766,
  "mape": 8.007969326443142,
  "best_test_mse": 0.002580151955286662,
  "n_params": 30147,
  "epochs_run": 1000
}