{
  "mse": 0.12594389385647245,
  "mae": 0.2843188815646701,
  "mape": 1.9493669933742948,
  "best_test_mse": 0.012954772843254938,
  "n_params": 29890,
  "epochs_run": 1000
}