{
  "mse": 0.04383644527859158,
  "mae": 0.18044397566053602,
  "mape": 1.443445947435167,
  "best_test_mse": 0.012948305077022977,
  "n_params": 29890,
  "epochs_run": 1000
}