{
  "mse": 9.795944552951388,
  "mae": 2.5104905870225696,
  "mape": 557.6695421006945,
  "best_test_mse": 7.609588623046875,
  "n_params": 31019,
  "epochs_run": 300
}