{
  "mse": 0.25639163123236763,
  "mae": 0.3637676662868924,
  "mape": 2.3429115613301597,
  "best_test_mse": 0.25639163123236763,
  "n_params": 996,
  "epochs_run": 1000
}