{
  "mse": 0.07928176720937093,
  "mae": 0.2540741284688314,
  "mape": 47.5745964050293,
  "best_test_mse": 0.044500112533569336,
  "n_params": 29219,
  "epochs_run": 1000
}