{
  "mse": 0.012051559819115532,
  "mae": 0.07770600848727756,
  "mape": 0.47334767050213283,
  "best_test_mse": 0.012051559819115532,
  "n_params": 33410,
  "epochs_run": 300
}