{
  "mse": 0.09049803415934245,
  "mae": 0.2656893730163574,
  "mape": 43.70491027832031,
  "best_test_mse": 0.0896325429280599,
  "n_params": 19719,
  "epochs_run": 300
}