{
  "mse": 10.610199652777778,
  "mae": 2.519648912217882,
  "mape": 724.583265516493,
  "best_test_mse": 8.967359076605902,
  "n_params": 31018,
  "epochs_run": 300
}