{
  "mse": 0.0164598959463614,
  "mae": 0.11053235795762804,
  "mape": 18.478243792498553,
  "best_test_mse": 0.0164598959463614,
  "n_params": 19977,
  "epochs_run": 300
}