{
  "mse": 0.0027436724415531863,
  "mae": 0.043087196350097653,
  "mape": 8.067570439091435,
  "best_test_mse": 0.0027163090529265226,
  "n_params": 29734,
  "epochs_run": 300
}