{
  "mse": 0.0036203958370067454,
  "mae": 0.04843255148993598,
  "mape": 8.953285217285156,
  "best_test_mse": 0.002206618697554977,
  "n_params": 30147,
  "epochs_run": 1000
}