{
  "mse": 0.12825164794921876,
  "mae": 0.3100308418273926,
  "mape": 62.01094309488932,
  "best_test_mse": 0.08105448087056479,
  "n_params": 27939,
  "epochs_run": 300
}