{
  "mse": 1.4416822645399305,
  "mae": 0.8091113620334202,
  "mape": 4.004012213812934,
  "best_test_mse": 0.10843076705932617,
  "n_params": 19848,
  "epochs_run": 1000
}