{
  "mse": 0.5838865915934245,
  "mae": 0.7149622599283855,
  "mape": 115.86212158203125,
  "best_test_mse": 0.2576781431833903,
  "n_params": 26241,
  "epochs_run": 1000
}