{
  "mse": 0.11624704996744792,
  "mae": 0.23311210914894387,
  "mape": 117.58974428530092,
  "best_test_mse": 0.08325975206163194,
  "n_params": 51395,
  "epochs_run": 300
}