{
  "mse": 1.500232950846354,
  "mae": 1.0247728135850696,
  "mape": 97.41611056857639,
  "best_test_mse": 0.03123916784922282,
  "n_params": 26370,
  "epochs_run": 1000
}