{
  "mse": 0.012012830487004033,
  "mae": 0.08396142323811849,
  "mape": 27.050320660626447,
  "best_test_mse": 0.012012830487004033,
  "n_params": 2981,
  "epochs_run": 300
}