{
  "mse": 0.017958665777135778,
  "mae": 0.08770024334942852,
  "mape": 16.19011914288556,
  "best_test_mse": 0.0148594891583478,
  "n_params": 25987,
  "epochs_run": 1000
}