{
  "mse": 0.02041568579497161,
  "mae": 0.11144779346607349,
  "mape": 18.117839671947337,
  "best_test_mse": 0.02041568579497161,
  "n_params": 2981,
  "epochs_run": 300
}