{
  "mse": 0.0027406094250855624,
  "mae": 0.04334473433317961,
  "mape": 8.275674184163412,
  "best_test_mse": 0.0023163603411780463,
  "n_params": 29733,
  "epochs_run": 300
}