{
  "mse": 0.008966135095666955,
  "mae": 0.07100724820737485,
  "mape": 21.979779843930846,
  "best_test_mse": 0.00732494901727747,
  "n_params": 15973,
  "epochs_run": 300
}