{
  "mse": 19.348140357905983,
  "mae": 2.992755074786325,
  "mape": 229.0441164196047,
  "best_test_mse": 19.239000734508547,
  "n_params": 21781,
  "epochs_run": 300
}