{
  "mse": 0.0009384469853507148,
  "mae": 0.026169130537245008,
  "mape": 2.882417572869195,
  "best_test_mse": 0.000161774932510323,
  "n_params": 25730,
  "epochs_run": 1000
}