{
  "mse": 0.005423516697353787,
  "mae": 0.060000536176893444,
  "mape": 7.062806553310818,
  "best_test_mse": 0.005423516697353787,
  "n_params": 2852,
  "epochs_run": 300
}