{
  "mse": 0.005416195039395933,
  "mae": 0.05971073574490017,
  "mape": 22.598927815755207,
  "best_test_mse": 0.004905880380559851,
  "n_params": 1029,
  "epochs_run": 1000
}