{
  "mse": 0.42013045416937933,
  "mae": 0.5205063713921441,
  "mape": 5.080102814568414,
  "best_test_mse": 0.0831099722120497,
  "n_params": 46274,
  "epochs_run": 300
}