{
  "mse": 5.249612765842014,
  "mae": 1.732405768500434,
  "mape": 297.64763726128473,
  "best_test_mse": 4.77662828233507,
  "n_params": 20622,
  "epochs_run": 1000
}