{
  "mse": 0.0028931948873731827,
  "mae": 0.045090194984718605,
  "mape": 8.180407064932364,
  "best_test_mse": 0.0025866579126428675,
  "n_params": 28453,
  "epochs_run": 1000
}