{
  "mse": 10.501873101128472,
  "mae": 2.526026407877604,
  "mape": 543.2044813368055,
  "best_test_mse": 9.147500271267361,
  "n_params": 31018,
  "epochs_run": 1000
}