{
  "mse": 0.0027542674982989276,
  "mae": 0.043743613914207176,
  "mape": 8.346191688820168,
  "best_test_mse": 0.0021054477603347213,
  "n_params": 29733,
  "epochs_run": 1000
}