{
  "mse": 0.003491704993777805,
  "mae": 0.048874219258626304,
  "mape": 9.301930180302373,
  "best_test_mse": 0.003432173640639694,
  "n_params": 46531,
  "epochs_run": 300
}