{
  "mse": 0.24872328440348307,
  "mae": 0.3413057963053385,
  "mape": 45.71345011393229,
  "best_test_mse": 0.12678813934326172,
  "n_params": 963,
  "epochs_run": 1000
}