{
  "mse": 0.010509449464303476,
  "mae": 0.06969631336353443,
  "mape": 12.794168260362413,
  "best_test_mse": 0.010506120434513799,
  "n_params": 15973,
  "epochs_run": 300
}