{
  "mse": 0.006363715728123983,
  "mae": 0.06084198951721191,
  "mape": 13.092254002888998,
  "best_test_mse": 0.0050291885932286584,
  "n_params": 25473,
  "epochs_run": 1000
}