{
  "mse": 1.5460023668077256,
  "mae": 0.9190175374348958,
  "mape": 6.278008355034722,
  "best_test_mse": 0.1441884994506836,
  "n_params": 996,
  "epochs_run": 1000
}