{
  "mse": 0.8925191243489583,
  "mae": 0.6388760460747613,
  "mape": 2.8361267513699002,
  "best_test_mse": 0.03537316057417128,
  "n_params": 29476,
  "epochs_run": 1000
}