{
  "mse": 0.0009175240993499756,
  "mae": 0.02186917463938395,
  "mape": 2.0888359016842313,
  "best_test_mse": 0.00012962142419483926,
  "n_params": 29890,
  "epochs_run": 1000
}