{
  "mse": 0.001557586093743642,
  "mae": 0.033937623765733504,
  "mape": 4.026489787631565,
  "best_test_mse": 0.0012883282370037502,
  "n_params": 28196,
  "epochs_run": 300
}