{
  "mse": 0.014996108302363642,
  "mae": 0.10250918070475261,
  "mape": 17.067577220775462,
  "best_test_mse": 0.014295557693198875,
  "n_params": 21781,
  "epochs_run": 300
}