{
  "mse": 0.008911119567023383,
  "mae": 0.0791638798183865,
  "mape": 8.826381895277235,
  "best_test_mse": 0.008887531359990437,
  "n_params": 2852,
  "epochs_run": 300
}