{
  "mse": 28.294411057692308,
  "mae": 3.4625870142227564,
  "mape": 259.54556456997864,
  "best_test_mse": 20.19748263888889,
  "n_params": 1029,
  "epochs_run": 1000
}