{
  "mse": 0.0447390980190701,
  "mae": 0.15392894744873048,
  "mape": 0.9020479520161947,
  "best_test_mse": 0.01230214171939426,
  "n_params": 33410,
  "epochs_run": 300
}