{
  "mse": 8.233822970920139,
  "mae": 2.103510030110677,
  "mape": 284.0702141655816,
  "best_test_mse": 6.327071804470486,
  "n_params": 3626,
  "epochs_run": 300
}