{
  "mse": 0.9614560445149739,
  "mae": 0.8393087599012586,
  "mape": 6.749478446112739,
  "best_test_mse": 0.25024176703559026,
  "n_params": 26370,
  "epochs_run": 1000
}