{
  "mse": 2.465489027235243,
  "mae": 1.1947420756022136,
  "mape": 7.379680739508735,
  "best_test_mse": 0.2579689025878906,
  "n_params": 29476,
  "epochs_run": 300
}