{
  "mse": 32.85196314102564,
  "mae": 3.8268471220619658,
  "mape": 158.60174195379273,
  "best_test_mse": 32.522776442307695,
  "n_params": 2981,
  "epochs_run": 300
}