{
  "mse": 9.599570184946061e-05,
  "mae": 0.0074792027473449705,
  "mape": 0.8371095524893867,
  "best_test_mse": 4.751245594686932e-05,
  "n_params": 28196,
  "epochs_run": 1000
}