{
  "mse": 0.002297102521967005,
  "mae": 0.04056955973307292,
  "mape": 7.576729103370949,
  "best_test_mse": 0.002297102521967005,
  "n_params": 28453,
  "epochs_run": 1000
}