{
  "mse": 0.003053355658495868,
  "mae": 0.04355185120194047,
  "mape": 16.370329680266202,
  "best_test_mse": 0.0028889656066894533,
  "n_params": 30147,
  "epochs_run": 1000
}