{
  "mse": 0.3242657414189091,
  "mae": 0.4466498480902778,
  "mape": 141.02511935763889,
  "best_test_mse": 0.19108037595395688,
  "n_params": 19977,
  "epochs_run": 1000
}