{
  "mse": 0.0007679944237073262,
  "mae": 0.0210535552766588,
  "mape": 2.0668792724609375,
  "best_test_mse": 0.0002053008932206366,
  "n_params": 29476,
  "epochs_run": 1000
}