{
  "mse": 0.010362128858213072,
  "mae": 0.08776796129014756,
  "mape": 15.381540369104457,
  "best_test_mse": 0.010362128858213072,
  "n_params": 21781,
  "epochs_run": 300
}