{
  "mse": 0.062194350913718895,
  "mae": 0.19537686948423033,
  "mape": 26.695596200448495,
  "best_test_mse": 0.0497153847305863,
  "n_params": 74947,
  "epochs_run": 300
}