{
  "mse": 0.012844986385769315,
  "mae": 0.0918318960401747,
  "mape": 9.729904598659939,
  "best_test_mse": 0.012822969754536947,
  "n_params": 19848,
  "epochs_run": 300
}