{
  "mse": 0.5195964495340983,
  "mae": 0.6990735371907552,
  "mape": 117.14510599772136,
  "best_test_mse": 0.2648829778035482,
  "n_params": 26241,
  "epochs_run": 1000
}