{
  "mse": 43.012039262820515,
  "mae": 4.99163578392094,
  "mape": 287.00416499732904,
  "best_test_mse": 19.290781917735043,
  "n_params": 19977,
  "epochs_run": 1000
}