{
  "mse": 0.05368524833961769,
  "mae": 0.19678911279748987,
  "mape": 33.98462648744936,
  "best_test_mse": 0.038311689871328845,
  "n_params": 51395,
  "epochs_run": 300
}