{
  "mse": 0.002524380882581075,
  "mae": 0.04347361988491482,
  "mape": 4.6118789248996315,
  "best_test_mse": 0.002361573775609334,
  "n_params": 29477,
  "epochs_run": 300
}