{
  "mse": 17.851524105235043,
  "mae": 2.9157470703125,
  "mape": 210.29075687767093,
  "best_test_mse": 16.074629407051283,
  "n_params": 29734,
  "epochs_run": 300
}