{
  "mse": 0.0053435197582951295,
  "mae": 0.05885177188449436,
  "mape": 18.89531170880353,
  "best_test_mse": 0.003993925341853389,
  "n_params": 25987,
  "epochs_run": 1000
}