{
  "mse": 0.010222549791689272,
  "mae": 0.08222454918755426,
  "mape": 13.828192816840279,
  "best_test_mse": 0.007928459732620805,
  "n_params": 19977,
  "epochs_run": 1000
}