{
  "mse": 0.04390945081357603,
  "mae": 0.1650125432897497,
  "mape": 32.68054538302951,
  "best_test_mse": 0.007094163806350143,
  "n_params": 26499,
  "epochs_run": 1000
}