{
  "mse": 0.0034787465024877476,
  "mae": 0.0475601973357024,
  "mape": 8.393027694137007,
  "best_test_mse": 0.0027430476965727628,
  "n_params": 30147,
  "epochs_run": 1000
}