{
  "mse": 9.2787841796875,
  "mae": 2.323028055826823,
  "mape": 540.963609483507,
  "best_test_mse": 9.029097493489584,
  "n_params": 31019,
  "epochs_run": 300
}