{
  "mse": 0.00873207516140408,
  "mae": 0.06976763407389323,
  "mape": 23.773978904441552,
  "best_test_mse": 0.00756085890310782,
  "n_params": 29734,
  "epochs_run": 300
}