{
  "mse": 0.010510905583699545,
  "mae": 0.07109899167661314,
  "mape": 13.420486450195312,
  "best_test_mse": 0.009603235456678603,
  "n_params": 29734,
  "epochs_run": 300
}