{
  "mse": 0.02805844059696904,
  "mae": 0.13165578488950377,
  "mape": 21.466717190212673,
  "best_test_mse": 0.01862670933758771,
  "n_params": 19977,
  "epochs_run": 1000
}