{
  "mse": 0.0004577310962809457,
  "mae": 0.0169074018796285,
  "mape": 1.8643336825900607,
  "best_test_mse": 0.0004577310962809457,
  "n_params": 33410,
  "epochs_run": 300
}