{
  "mse": 0.01782966896339699,
  "mae": 0.11410597342031974,
  "mape": 18.711444713451243,
  "best_test_mse": 0.01782966896339699,
  "n_params": 19977,
  "epochs_run": 300
}