{
  "mse": 14.618990384615385,
  "mae": 2.3877908820779914,
  "mape": 116.8699189536592,
  "best_test_mse": 13.822833199786325,
  "n_params": 46531,
  "epochs_run": 300
}