{
  "mse": 5.371230740017361,
  "mae": 1.5855389065212673,
  "mape": 10.99941783481174,
  "best_test_mse": 2.8317447238498263,
  "n_params": 51202,
  "epochs_run": 300
}