{
  "mse": 12.701948116987179,
  "mae": 2.112548619457799,
  "mape": 86.0129905765892,
  "best_test_mse": 9.76845953525641,
  "n_params": 29733,
  "epochs_run": 1000
}