{
  "mse": 0.005482276280721028,
  "mae": 0.05671929253472222,
  "mape": 20.560794406467014,
  "best_test_mse": 0.003458130580407602,
  "n_params": 25987,
  "epochs_run": 1000
}