{
  "mse": 0.09928895455819589,
  "mae": 0.22994859483506944,
  "mape": 106.82639793113425,
  "best_test_mse": 0.09679781595865886,
  "n_params": 51395,
  "epochs_run": 300
}