{
  "mse": 0.027288938451696325,
  "mae": 0.13917066786024307,
  "mape": 23.840100323712385,
  "best_test_mse": 0.027249749501546225,
  "n_params": 51395,
  "epochs_run": 300
}