{
  "mse": 0.4918564690483941,
  "mae": 0.5542681799994574,
  "mape": 5.590663486056858,
  "best_test_mse": 0.39846229553222656,
  "n_params": 15716,
  "epochs_run": 300
}