{
  "mse": 0.007902062380755389,
  "mae": 0.07223883734809028,
  "mape": 11.84260403668439,
  "best_test_mse": 0.007809149777447736,
  "n_params": 19977,
  "epochs_run": 300
}