{
  "mse": 0.00040710634655422636,
  "mae": 0.016399289502037895,
  "mape": 1.755703952577379,
  "best_test_mse": 0.00040710634655422636,
  "n_params": 33410,
  "epochs_run": 300
}