{
  "mse": 0.5550059000651042,
  "mae": 0.5228880705656829,
  "mape": 140.04696316189236,
  "best_test_mse": 0.14773666946976274,
  "n_params": 19977,
  "epochs_run": 1000
}