{
  "mse": 10.043551296657986,
  "mae": 2.4930931939019096,
  "mape": 582.9828559027778,
  "best_test_mse": 7.372006564670139,
  "n_params": 27272,
  "epochs_run": 1000
}