{
  "mse": 0.05574522018432617,
  "mae": 0.21156924565633137,
  "mape": 38.665056228637695,
  "best_test_mse": 0.0481197992960612,
  "n_params": 27939,
  "epochs_run": 1000
}