{
  "mse": 0.10453059938218859,
  "mae": 0.24705416361490887,
  "mape": 28.10217963324653,
  "best_test_mse": 0.06526718139648438,
  "n_params": 66562,
  "epochs_run": 300
}