{
  "mse": 21.54835904113248,
  "mae": 3.6230982071314104,
  "mape": 298.22998046875,
  "best_test_mse": 20.891726762820515,
  "n_params": 15973,
  "epochs_run": 300
}