{
  "mse": 0.8329966227213542,
  "mae": 0.7001558939615885,
  "mape": 4.790867699517144,
  "best_test_mse": 0.44425506591796876,
  "n_params": 21652,
  "epochs_run": 300
}