{
  "mse": 0.006382120097125018,
  "mae": 0.0652934886791088,
  "mape": 16.741135208695024,
  "best_test_mse": 0.006361398873505769,
  "n_params": 33539,
  "epochs_run": 300
}