{
  "mse": 0.5236811743842231,
  "mae": 0.530409410264757,
  "mape": 2.709511121114095,
  "best_test_mse": 0.02290345827738444,
  "n_params": 28196,
  "epochs_run": 1000
}