{
  "mse": 0.01336684403596101,
  "mae": 0.07820616828070746,
  "mape": 15.252592298719618,
  "best_test_mse": 0.013190119354813188,
  "n_params": 46531,
  "epochs_run": 300
}