{
  "mse": 0.6267818874782987,
  "mae": 0.5631329854329427,
  "mape": 4.596503575642903,
  "best_test_mse": 0.07008557319641114,
  "n_params": 25730,
  "epochs_run": 1000
}