{
  "mse": 0.0033814434651975277,
  "mae": 0.04835661428946036,
  "mape": 8.834698288529008,
  "best_test_mse": 0.0026731400578110308,
  "n_params": 25987,
  "epochs_run": 1000
}