{
  "mse": 6.328070746527778,
  "mae": 1.6242220886752137,
  "mape": 198.75496627938034,
  "best_test_mse": 5.391123297275641,
  "n_params": 33539,
  "epochs_run": 300
}