{
  "mse": 0.0035152289602491593,
  "mae": 0.04864531622992622,
  "mape": 8.978563944498697,
  "best_test_mse": 0.003466863102383084,
  "n_params": 46531,
  "epochs_run": 300
}