{
  "mse": 12.47067599826389,
  "mae": 2.746546088324653,
  "mape": 422.82643636067706,
  "best_test_mse": 6.647368706597222,
  "n_params": 27272,
  "epochs_run": 1000
}