{
  "mse": 8.454617648654514,
  "mae": 2.3131971571180556,
  "mape": 624.6322970920139,
  "best_test_mse": 7.883205837673611,
  "n_params": 27272,
  "epochs_run": 1000
}