{
  "mse": 0.2915133794148763,
  "mae": 0.3517865498860677,
  "mape": 45.8430544535319,
  "best_test_mse": 0.1173468033472697,
  "n_params": 21523,
  "epochs_run": 300
}