{
  "mse": 1.4836544460720487,
  "mae": 0.9844139946831597,
  "mape": 7.174894014994304,
  "best_test_mse": 0.5232961018880208,
  "n_params": 29477,
  "epochs_run": 300
}