{
  "mse": 11.52933360042735,
  "mae": 2.1751466930422008,
  "mape": 135.49095219017093,
  "best_test_mse": 10.09504874465812,
  "n_params": 30147,
  "epochs_run": 1000
}