{
  "mse": 0.014926039731061018,
  "mae": 0.08648832815664786,
  "mape": 16.264450638382524,
  "best_test_mse": 0.012275137724699797,
  "n_params": 29733,
  "epochs_run": 300
}