{
  "mse": 12.433330620659722,
  "mae": 2.6889373779296877,
  "mape": 628.1103515625,
  "best_test_mse": 7.906355794270834,
  "n_params": 52360,
  "epochs_run": 300
}