{
  "mse": 18.226610910790598,
  "mae": 3.1709190955528848,
  "mape": 205.34484341613248,
  "best_test_mse": 17.759568643162392,
  "n_params": 29733,
  "epochs_run": 300
}