{
  "mse": 15.588492838541667,
  "mae": 3.0471910264756943,
  "mape": 490.89419894748266,
  "best_test_mse": 11.580806477864583,
  "n_params": 31432,
  "epochs_run": 1000
}