{
  "mse": 9.377959526909722,
  "mae": 2.383203125,
  "mape": 444.4510226779514,
  "best_test_mse": 7.638003200954861,
  "n_params": 31018,
  "epochs_run": 300
}