{
  "mse": 13.254131401909722,
  "mae": 2.8924553765190972,
  "mape": 629.041273328993,
  "best_test_mse": 8.51601087782118,
  "n_params": 29738,
  "epochs_run": 1000
}