{
  "mse": 0.04390309651692708,
  "mae": 0.16881332397460938,
  "mape": 26.738465627034504,
  "best_test_mse": 0.04248070319493612,
  "n_params": 19719,
  "epochs_run": 300
}