{
  "mse": 18.858597088675214,
  "mae": 3.1229337773771366,
  "mape": 156.14498823116986,
  "best_test_mse": 18.176043336004273,
  "n_params": 29733,
  "epochs_run": 300
}