{
  "mse": 0.01200963921017117,
  "mae": 0.07437886132134332,
  "mape": 13.81541923240379,
  "best_test_mse": 0.010264696898283783,
  "n_params": 29734,
  "epochs_run": 300
}