{
  "mse": 0.9463907877604166,
  "mae": 0.7628238254123264,
  "mape": 7.173864576551649,
  "best_test_mse": 0.37987306382921004,
  "n_params": 29476,
  "epochs_run": 300
}