{
  "mse": 8.805449761284722,
  "mae": 2.309890407986111,
  "mape": 397.153082953559,
  "best_test_mse": 6.6863084581163195,
  "n_params": 27144,
  "epochs_run": 1000
}