{
  "mse": 0.1890887419382731,
  "mae": 0.3150372823079427,
  "mape": 46.16437594095866,
  "best_test_mse": 0.11001596450805665,
  "n_params": 33281,
  "epochs_run": 300
}