{
  "mse": 0.015849885234126337,
  "mae": 0.08424436074716074,
  "mape": 15.831811692979601,
  "best_test_mse": 0.015017525355021159,
  "n_params": 46531,
  "epochs_run": 300
}