{
  "mse": 6.507385566907051,
  "mae": 1.470428936298077,
  "mape": 106.09439686832265,
  "best_test_mse": 6.088654346955129,
  "n_params": 30147,
  "epochs_run": 1000
}