{
  "mse": 0.014995993508232965,
  "mae": 0.10250865794994213,
  "mape": 17.067434522840713,
  "best_test_mse": 0.014295460559703686,
  "n_params": 21781,
  "epochs_run": 300
}