{
  "mse": 0.0026226847260086626,
  "mae": 0.04270813906634295,
  "mape": 7.842755494294344,
  "best_test_mse": 0.0025866579126428675,
  "n_params": 28453,
  "epochs_run": 300
}