{
  "mse": 13.167062299679488,
  "mae": 2.68194820045406,
  "mape": 167.2919692341079,
  "best_test_mse": 13.06640124198718,
  "n_params": 28453,
  "epochs_run": 300
}