{
  "mse": 0.0005985486010710398,
  "mae": 0.018949744436475964,
  "mape": 2.0745555559794107,
  "best_test_mse": 0.0005985486010710398,
  "n_params": 28196,
  "epochs_run": 300
}