{
  "mse": 0.0213248610496521,
  "mae": 0.1122465451558431,
  "mape": 22.95328140258789,
  "best_test_mse": 0.007478098571300507,
  "n_params": 29633,
  "epochs_run": 1000
}