{
  "mse": 0.0025760884638185854,
  "mae": 0.041526815626356336,
  "mape": 8.11062282986111,
  "best_test_mse": 0.0025760884638185854,
  "n_params": 15973,
  "epochs_run": 300
}