{
  "mse": 18.147921674679488,
  "mae": 2.515972222222222,
  "mape": 135.00219100560898,
  "best_test_mse": 16.120873397435897,
  "n_params": 28453,
  "epochs_run": 1000
}