{
  "mse": 0.15392159356011284,
  "mae": 0.3278880225287543,
  "mape": 31.017920176188152,
  "best_test_mse": 0.05083445443047418,
  "n_params": 26370,
  "epochs_run": 1000
}