{
  "mse": 30.50701121794872,
  "mae": 3.683577891292735,
  "mape": 224.27886702056625,
  "best_test_mse": 29.729246794871795,
  "n_params": 2981,
  "epochs_run": 300
}