{
  "mse": 0.20218194325764974,
  "mae": 0.32575626373291017,
  "mape": 47.703819274902344,
  "best_test_mse": 0.1110205332438151,
  "n_params": 2723,
  "epochs_run": 300
}