{
  "mse": 0.005680854232222946,
  "mae": 0.05425877394499602,
  "mape": 18.758951822916668,
  "best_test_mse": 0.005125479344968442,
  "n_params": 28453,
  "epochs_run": 300
}