{
  "mse": 0.049556636810302736,
  "mae": 0.17388302485148113,
  "mape": 38.702898025512695,
  "best_test_mse": 0.04006315469741821,
  "n_params": 29220,
  "epochs_run": 300
}