{
  "mse": 11.612449919871795,
  "mae": 2.1722393329326923,
  "mape": 230.85253071581195,
  "best_test_mse": 10.732396834935898,
  "n_params": 33539,
  "epochs_run": 300
}