{
  "mse": 0.8483367919921875,
  "mae": 0.7609920925564236,
  "mape": 6.131114959716797,
  "best_test_mse": 0.620550537109375,
  "n_params": 29477,
  "epochs_run": 300
}