{
  "mse": 0.003584718041949802,
  "mae": 0.048124366336398654,
  "mape": 5.30869377983941,
  "best_test_mse": 0.002200242711438073,
  "n_params": 996,
  "epochs_run": 1000
}