{
  "mse": 0.0029285481682530157,
  "mae": 0.04309173866554543,
  "mape": 15.374597620081019,
  "best_test_mse": 0.002378292436952944,
  "n_params": 30147,
  "epochs_run": 1000
}