{
  "mse": 0.026567759337248625,
  "mae": 0.1303620938901548,
  "mape": 22.381614402488427,
  "best_test_mse": 0.0204414756209762,
  "n_params": 19977,
  "epochs_run": 1000
}