{
  "mse": 9.385390218098959,
  "mae": 2.413341606987847,
  "mape": 392.2349039713542,
  "best_test_mse": 7.029763454861111,
  "n_params": 27144,
  "epochs_run": 1000
}