{
  "mse": 0.008973358295581959,
  "mae": 0.06705254448784723,
  "mape": 12.623122886375144,
  "best_test_mse": 0.00888200600941976,
  "n_params": 28453,
  "epochs_run": 1000
}