{
  "mse": 0.011899764449508101,
  "mae": 0.07516684355559172,
  "mape": 14.389583446361401,
  "best_test_mse": 0.009458015583179616,
  "n_params": 28453,
  "epochs_run": 300
}