{
  "mse": 0.00392625994152493,
  "mae": 0.046270716631854024,
  "mape": 17.70700242784288,
  "best_test_mse": 0.003508099803218135,
  "n_params": 29733,
  "epochs_run": 1000
}