{
  "mse": 0.006381258258113155,
  "mae": 0.05978531307644314,
  "mape": 20.96649311206959,
  "best_test_mse": 0.006324432514331959,
  "n_params": 28453,
  "epochs_run": 300
}