{
  "mse": 20.95830328525641,
  "mae": 3.5526834602029913,
  "mape": 215.45188969017093,
  "best_test_mse": 20.95830328525641,
  "n_params": 29734,
  "epochs_run": 300
}