{
  "mse": 0.005020288184837058,
  "mae": 0.05216650786223235,
  "mape": 17.165682757342303,
  "best_test_mse": 0.004591911810415762,
  "n_params": 29733,
  "epochs_run": 300
}