{
  "mse": 0.09742198520236545,
  "mae": 0.2604071157949942,
  "mape": 103.58278627748842,
  "best_test_mse": 0.051404504422788266,
  "n_params": 26499,
  "epochs_run": 1000
}