{
  "mse": 0.012602296581974736,
  "mae": 0.09661743729202836,
  "mape": 16.30186575430411,
  "best_test_mse": 0.01165617307027181,
  "n_params": 19977,
  "epochs_run": 1000
}