{
  "mse": 0.012539926281681768,
  "mae": 0.07662589461715133,
  "mape": 14.717480694806135,
  "best_test_mse": 0.009458015583179616,
  "n_params": 28453,
  "epochs_run": 1000
}