{
  "mse": 0.0027101777218006273,
  "mae": 0.04367441248010706,
  "mape": 8.285543653700087,
  "best_test_mse": 0.002510658237669203,
  "n_params": 28453,
  "epochs_run": 300
}