{
  "mse": 0.0029738989141252304,
  "mae": 0.04606059392293294,
  "mape": 4.706338246663411,
  "best_test_mse": 0.0013874818053510455,
  "n_params": 29476,
  "epochs_run": 300
}