{
  "mse": 0.013998555254053186,
  "mae": 0.09805822019223813,
  "mape": 17.445218121563947,
  "best_test_mse": 0.013998104024816443,
  "n_params": 33539,
  "epochs_run": 300
}