{
  "mse": 0.06255388613100406,
  "mae": 0.1926857277199074,
  "mape": 40.12067724157263,
  "best_test_mse": 0.016907665464613173,
  "n_params": 26499,
  "epochs_run": 1000
}