{
  "mse": 58.1770499465812,
  "mae": 5.399286358173077,
  "mape": 282.1453074919872,
  "best_test_mse": 43.2817374465812,
  "n_params": 51395,
  "epochs_run": 300
}