{
  "mse": 0.049079275131225585,
  "mae": 0.1968607743581136,
  "mape": 33.45989545186361,
  "best_test_mse": 0.049079275131225585,
  "n_params": 27939,
  "epochs_run": 300
}