{
  "mse": 1.4322991265190972,
  "mae": 0.8437842475043402,
  "mape": 5.149549908108181,
  "best_test_mse": 0.09235506057739258,
  "n_params": 996,
  "epochs_run": 1000
}