{
  "mse": 11.980033365885417,
  "mae": 2.759245130750868,
  "mape": 859.5170084635416,
  "best_test_mse": 8.51601087782118,
  "n_params": 29738,
  "epochs_run": 300
}