{
  "mse": 0.09380306667751737,
  "mae": 0.24424964057074652,
  "mape": 44.319689715350115,
  "best_test_mse": 0.03091087341308594,
  "n_params": 26499,
  "epochs_run": 1000
}