{
  "mse": 0.03409649133682251,
  "mae": 0.16137561798095704,
  "mape": 29.60320790608724,
  "best_test_mse": 0.015572059154510497,
  "n_params": 29219,
  "epochs_run": 1000
}