{
  "mse": 0.011136234248125996,
  "mae": 0.07394662079987703,
  "mape": 13.888412758156106,
  "best_test_mse": 0.010269463503802265,
  "n_params": 29733,
  "epochs_run": 300
}