{
  "mse": 0.21176700592041015,
  "mae": 0.3359617869059245,
  "mape": 48.683366775512695,
  "best_test_mse": 0.11889909903208415,
  "n_params": 963,
  "epochs_run": 1000
}