{
  "mse": 0.0052291234334309895,
  "mae": 0.06062973870171441,
  "mape": 14.817032990632233,
  "best_test_mse": 0.005220105912950304,
  "n_params": 33539,
  "epochs_run": 300
}