{
  "mse": 0.00898499157693651,
  "mae": 0.07354489962259929,
  "mape": 8.80443361070421,
  "best_test_mse": 0.00898499157693651,
  "n_params": 28196,
  "epochs_run": 300
}