{
  "mse": 3.708063422309028,
  "mae": 1.3847432454427084,
  "mape": 8.579528596666124,
  "best_test_mse": 3.2451714409722223,
  "n_params": 26370,
  "epochs_run": 1000
}