{
  "mse": 0.009525615639156765,
  "mae": 0.08074108759562175,
  "mape": 9.993726942274305,
  "best_test_mse": 0.0001947224968009525,
  "n_params": 25730,
  "epochs_run": 1000
}