{
  "mse": 0.014019192589653864,
  "mae": 0.10050726290102359,
  "mape": 17.868625499584056,
  "best_test_mse": 0.014019192589653864,
  "n_params": 21781,
  "epochs_run": 300
}